{
  "dim": 64,
  "n_zd_pairs": 13020,
  "n_components": 77,
  "degree_dist": {
    "2": 252,
    "4": 168,
    "6": 168,
    "8": 168,
    "10": 168,
    "12": 252,
    "14": 342
  },
  "n_strata": 7,
  "timings": {
    "mult_table": 34.28989362716675,
    "zd_search": 9.630038261413574,
    "graph": 0.015582084655761719,
    "analysis": 0.0032351016998291016
  }
}