{
  "dim": 32,
  "n_zd_pairs": 1260,
  "n_components": 37,
  "degree_dist": {
    "2": 84,
    "4": 84,
    "6": 126
  },
  "n_strata": 3,
  "timings": {
    "mult_table": 2.265305280685425,
    "zd_search": 0.5942463874816895,
    "graph": 0.0019011497497558594,
    "analysis": 0.0006611347198486328
  }
}