{
  "dim": 128,
  "n_zd_pairs": 117180,
  "n_components": 150,
  "degree_dist": {
    "2": 684,
    "4": 504,
    "6": 504,
    "8": 336,
    "10": 336,
    "12": 336,
    "14": 336,
    "16": 336,
    "18": 336,
    "20": 336,
    "22": 336,
    "24": 504,
    "26": 504,
    "28": 684,
    "30": 870
  },
  "n_strata": 15,
  "timings": {
    "mult_table": 549.4903762340546,
    "zd_search": 166.06064438819885,
    "graph": 0.22908496856689453,
    "analysis": 0.02626776695251465
  }
}