{
  "dim": 16,
  "n_zd_pairs": 84,
  "n_components": 14,
  "degree_dist": {
    "2": 42
  },
  "n_strata": 1,
  "timings": {
    "mult_table": 0.1458594799041748,
    "zd_search": 0.006654977798461914,
    "graph": 0.000141143798828125,
    "analysis": 0.0001609325408935547
  }
}